{"cameraMode":{"drawMode":0,"name":"Shaded","section":"Shading Mode"},"sceneLighting":false,"audioPlay":false,"sceneViewState":{"showFog":false,"showMaterialUpdate":false,"showSkybox":false,"showFlares":false,"showImageEffects":false,"showParticleSystems":true},"in2DMode":false,"pivot":{"x":1.4600000381469727,"y":3.369999885559082,"z":0.0},"rotation":{"x":0.28690752387046816,"y":-0.0043107932433485989,"z":0.0012910926016047598,"w":0.9579477310180664},"size":5.988429069519043,"orthographic":false}