{"cameraMode":{"drawMode":0,"name":"Shaded","section":"Shading Mode"},"sceneLighting":true,"audioPlay":false,"sceneViewState":{"showFog":false,"showMaterialUpdate":false,"showSkybox":false,"showFlares":false,"showImageEffects":false,"showParticleSystems":true},"in2DMode":false,"pivot":{"x":0.020895928144454957,"y":-0.6380300521850586,"z":-0.5588665008544922},"rotation":{"x":0.22601354122161866,"y":0.011689167469739914,"z":-0.0027122925966978075,"w":0.9740502834320068},"size":12.071457862854004,"orthographic":false}